title,mechanisms
Brass: Birmingham,"Contracts, Open Drafting, Race, Set Collection"
Pandemic Legacy: Season 1,"Contracts, Open Drafting, Race, Set Collection"
Ark Nova,"Contracts, Open Drafting, Race, Set Collection"
Gloomhaven,"Contracts, Open Drafting, Race, Set Collection"
Twilight Imperium: Fourth Edition,"Contracts, Open Drafting, Race, Set Collection"
Dune: Imperium,"Contracts, Open Drafting, Race, Set Collection"
Terraforming Mars,"Contracts, Open Drafting, Race, Set Collection"
War of the Ring: Second Edition,"Contracts, Open Drafting, Race, Set Collection"
Star Wars: Rebellion,"Contracts, Open Drafting, Race, Set Collection"
Spirit Island,"Contracts, Open Drafting, Race, Set Collection"
Dune: Imperium – Uprising,"Contracts, Open Drafting, Race, Set Collection"
Gloomhaven: Jaws of the Lion,"Contracts, Open Drafting, Race, Set Collection"
Gaia Project,"Contracts, Open Drafting, Race, Set Collection"
Twilight Struggle,"Contracts, Open Drafting, Race, Set Collection"
Through the Ages: A New Story of Civilization,"Contracts, Open Drafting, Race, Set Collection"
The Castles of Burgundy,"Contracts, Open Drafting, Race, Set Collection"
Great Western Trail,"Contracts, Open Drafting, Race, Set Collection"
Eclipse: Second Dawn for the Galaxy,"Contracts, Open Drafting, Race, Set Collection"
Scythe,"Contracts, Open Drafting, Race, Set Collection"
7 Wonders Duel,"Contracts, Open Drafting, Race, Set Collection"
Brass: Lancashire,"Contracts, Open Drafting, Race, Set Collection"
Frosthaven,"Contracts, Open Drafting, Race, Set Collection"
Nemesis,"Contracts, Open Drafting, Race, Set Collection"
Clank! Legacy: Acquisitions Incorporated,"Contracts, Open Drafting, Race, Set Collection"
A Feast for Odin,"Contracts, Open Drafting, Race, Set Collection"
Concordia,"Contracts, Open Drafting, Race, Set Collection"
Great Western Trail: Second Edition,"Contracts, Open Drafting, Race, Set Collection"
Lost Ruins of Arnak,"Contracts, Open Drafting, Race, Set Collection"
Arkham Horror: The Card Game,"Contracts, Open Drafting, Race, Set Collection"
Root,"Contracts, Open Drafting, Race, Set Collection"
Too Many Bones,"Contracts, Open Drafting, Race, Set Collection"
Terra Mystica,"Contracts, Open Drafting, Race, Set Collection"
Wingspan,"Contracts, Open Drafting, Race, Set Collection"
Orléans,"Contracts, Open Drafting, Race, Set Collection"
Sky Team,"Contracts, Open Drafting, Race, Set Collection"
The Lord of the Rings: Duel for Middle-earth,"Contracts, Open Drafting, Race, Set Collection"
Mage Knight Board Game,"Contracts, Open Drafting, Race, Set Collection"
Barrage,"Contracts, Open Drafting, Race, Set Collection"
The Crew: Mission Deep Sea,"Contracts, Open Drafting, Race, Set Collection"
Everdell,"Contracts, Open Drafting, Race, Set Collection"
Viticulture Essential Edition,"Contracts, Open Drafting, Race, Set Collection"
Slay the Spire: The Board Game,"Contracts, Open Drafting, Race, Set Collection"
Hegemony: Lead Your Class to Victory,"Contracts, Open Drafting, Race, Set Collection"
SETI: Search for Extraterrestrial Intelligence,"Contracts, Open Drafting, Race, Set Collection"
Heat: Pedal to the Metal,"Contracts, Open Drafting, Race, Set Collection"
Marvel Champions: The Card Game,"Contracts, Open Drafting, Race, Set Collection"
Crokinole,"Contracts, Open Drafting, Race, Set Collection"
Kanban EV,"Contracts, Open Drafting, Race, Set Collection"
Food Chain Magnate,"Contracts, Open Drafting, Race, Set Collection"
Underwater Cities,"Contracts, Open Drafting, Race, Set Collection"
Pax Pamir: Second Edition,"Contracts, Open Drafting, Race, Set Collection"
Puerto Rico,"Contracts, Open Drafting, Race, Set Collection"
Cthulhu: Death May Die,"Contracts, Open Drafting, Race, Set Collection"
Cascadia,"Contracts, Open Drafting, Race, Set Collection"
Pandemic Legacy: Season 0,"Contracts, Open Drafting, Race, Set Collection"
Caverna: The Cave Farmers,"Contracts, Open Drafting, Race, Set Collection"
Anachrony,"Contracts, Open Drafting, Race, Set Collection"
On Mars,"Contracts, Open Drafting, Race, Set Collection"
Blood Rage,"Contracts, Open Drafting, Race, Set Collection"
Agricola,"Contracts, Open Drafting, Race, Set Collection"
Oathsworn: Into the Deepwood,"Contracts, Open Drafting, Race, Set Collection"
Age of Innovation,"Contracts, Open Drafting, Race, Set Collection"
Sleeping Gods,"Contracts, Open Drafting, Race, Set Collection"
Lisboa,"Contracts, Open Drafting, Race, Set Collection"
Obsession,"Contracts, Open Drafting, Race, Set Collection"
Grand Austria Hotel,"Contracts, Open Drafting, Race, Set Collection"
Pandemic Legacy: Season 2,"Contracts, Open Drafting, Race, Set Collection"
Mansions of Madness: Second Edition,"Contracts, Open Drafting, Race, Set Collection"
Tzolk'in: The Mayan Calendar,"Contracts, Open Drafting, Race, Set Collection"
Power Grid,"Contracts, Open Drafting, Race, Set Collection"
Clank!: Catacombs,"Contracts, Open Drafting, Race, Set Collection"
Quacks,"Contracts, Open Drafting, Race, Set Collection"
Clans of Caledonia,"Contracts, Open Drafting, Race, Set Collection"
Paladins of the West Kingdom,"Contracts, Open Drafting, Race, Set Collection"
The Gallerist,"Contracts, Open Drafting, Race, Set Collection"
Le Havre,"Contracts, Open Drafting, Race, Set Collection"
Harmonies,"Contracts, Open Drafting, Race, Set Collection"
Maracaibo,"Contracts, Open Drafting, Race, Set Collection"
Star Wars: Imperial Assault,"Contracts, Open Drafting, Race, Set Collection"
Android: Netrunner,"Contracts, Open Drafting, Race, Set Collection"
Ticket to Ride Legacy: Legends of the West,"Contracts, Open Drafting, Race, Set Collection"
Agricola (Revised Edition),"Contracts, Open Drafting, Race, Set Collection"
Mechs vs. Minions,"Contracts, Open Drafting, Race, Set Collection"
The White Castle,"Contracts, Open Drafting, Race, Set Collection"
The Crew: The Quest for Planet Nine,"Contracts, Open Drafting, Race, Set Collection"
Kingdom Death: Monster,"Contracts, Open Drafting, Race, Set Collection"
Race for the Galaxy,"Contracts, Open Drafting, Race, Set Collection"
Azul,"Contracts, Open Drafting, Race, Set Collection"
Five Tribes: The Djinns of Naqala,"Contracts, Open Drafting, Race, Set Collection"
Revive,"Contracts, Open Drafting, Race, Set Collection"
Great Western Trail: New Zealand,"Contracts, Open Drafting, Race, Set Collection"
Clank!: A Deck-Building Adventure,"Contracts, Open Drafting, Race, Set Collection"
Darwin's Journey,"Contracts, Open Drafting, Race, Set Collection"
Blood on the Clocktower,"Contracts, Open Drafting, Race, Set Collection"
Fields of Arle,"Contracts, Open Drafting, Race, Set Collection"
Eclipse: New Dawn for the Galaxy,"Contracts, Open Drafting, Race, Set Collection"
Aeon's End,"Contracts, Open Drafting, Race, Set Collection"
Wingspan Asia,"Contracts, Open Drafting, Race, Set Collection"
Lords of Waterdeep,"Contracts, Open Drafting, Race, Set Collection"
El Grande,"Contracts, Open Drafting, Race, Set Collection"
SCOUT,"Contracts, Open Drafting, Race, Set Collection"
Teotihuacan: City of Gods,"Contracts, Open Drafting, Race, Set Collection"
Beyond the Sun,"Contracts, Open Drafting, Race, Set Collection"
Concordia Venus,"Contracts, Open Drafting, Race, Set Collection"
Through the Ages: A Story of Civilization,"Contracts, Open Drafting, Race, Set Collection"
Dominant Species,"Contracts, Open Drafting, Race, Set Collection"
7 Wonders,"Contracts, Open Drafting, Race, Set Collection"
The Search for Planet X,"Contracts, Open Drafting, Race, Set Collection"
Final Girl,"Contracts, Open Drafting, Race, Set Collection"
Robinson Crusoe: Adventures on the Cursed Island,"Contracts, Open Drafting, Race, Set Collection"
The Voyages of Marco Polo,"Contracts, Open Drafting, Race, Set Collection"
Voidfall,"Contracts, Open Drafting, Race, Set Collection"
Splendor Duel,"Contracts, Open Drafting, Race, Set Collection"
Decrypto,"Contracts, Open Drafting, Race, Set Collection"
Trickerion: Legends of Illusion,"Contracts, Open Drafting, Race, Set Collection"
Inis,"Contracts, Open Drafting, Race, Set Collection"
Arcs,"Contracts, Open Drafting, Race, Set Collection"
Battlestar Galactica: The Board Game,"Contracts, Open Drafting, Race, Set Collection"
Carnegie,"Contracts, Open Drafting, Race, Set Collection"
Architects of the West Kingdom,"Contracts, Open Drafting, Race, Set Collection"
The Quest for El Dorado,"Contracts, Open Drafting, Race, Set Collection"
Tainted Grail: The Fall of Avalon,"Contracts, Open Drafting, Race, Set Collection"
Dwellings of Eldervale,"Contracts, Open Drafting, Race, Set Collection"
Keyflower,"Contracts, Open Drafting, Race, Set Collection"
Tigris & Euphrates,"Contracts, Open Drafting, Race, Set Collection"
Raiders of the North Sea,"Contracts, Open Drafting, Race, Set Collection"
Dominion: Intrigue,"Contracts, Open Drafting, Race, Set Collection"
Ra,"Contracts, Open Drafting, Race, Set Collection"
Nemesis: Lockdown,"Contracts, Open Drafting, Race, Set Collection"
Caylus,"Contracts, Open Drafting, Race, Set Collection"
Lorenzo il Magnifico,"Contracts, Open Drafting, Race, Set Collection"
Troyes,"Contracts, Open Drafting, Race, Set Collection"
Eldritch Horror,"Contracts, Open Drafting, Race, Set Collection"
Mombasa,"Contracts, Open Drafting, Race, Set Collection"
The Lord of the Rings: Journeys in Middle-Earth,"Contracts, Open Drafting, Race, Set Collection"
Age of Steam,"Contracts, Open Drafting, Race, Set Collection"
Wyrmspan,"Contracts, Open Drafting, Race, Set Collection"
Wonderland's War,"Contracts, Open Drafting, Race, Set Collection"
Patchwork,"Contracts, Open Drafting, Race, Set Collection"
Dominion,"Contracts, Open Drafting, Race, Set Collection"
Twilight Imperium: Third Edition,"Contracts, Open Drafting, Race, Set Collection"
Trajan,"Contracts, Open Drafting, Race, Set Collection"
Russian Railroads,"Contracts, Open Drafting, Race, Set Collection"
Aeon's End: War Eternal,"Contracts, Open Drafting, Race, Set Collection"
Hansa Teutonica,"Contracts, Open Drafting, Race, Set Collection"
Rising Sun,"Contracts, Open Drafting, Race, Set Collection"
Vinhos: Deluxe Edition,"Contracts, Open Drafting, Race, Set Collection"
The 7th Continent,"Contracts, Open Drafting, Race, Set Collection"
ISS Vanguard,"Contracts, Open Drafting, Race, Set Collection"
Arkham Horror: The Card Game – Revised Core Set,"Contracts, Open Drafting, Race, Set Collection"
Yokohama,"Contracts, Open Drafting, Race, Set Collection"
Iberia,"Contracts, Open Drafting, Race, Set Collection"
Clank! In! Space!: A Deck-Building Adventure,"Contracts, Open Drafting, Race, Set Collection"
Forbidden Stars,"Contracts, Open Drafting, Race, Set Collection"
Just One,"Contracts, Open Drafting, Race, Set Collection"
Codenames,"Contracts, Open Drafting, Race, Set Collection"
Champions of Midgard,"Contracts, Open Drafting, Race, Set Collection"
Nucleum,"Contracts, Open Drafting, Race, Set Collection"
Hadrian's Wall,"Contracts, Open Drafting, Race, Set Collection"
PARKS,"Contracts, Open Drafting, Race, Set Collection"
Rajas of the Ganges,"Contracts, Open Drafting, Race, Set Collection"
Roll for the Galaxy,"Contracts, Open Drafting, Race, Set Collection"
Pandemic,"Contracts, Open Drafting, Race, Set Collection"
Tyrants of the Underdark,"Contracts, Open Drafting, Race, Set Collection"
Targi,"Contracts, Open Drafting, Race, Set Collection"
Magic: The Gathering,"Contracts, Open Drafting, Race, Set Collection"
Star Realms,"Contracts, Open Drafting, Race, Set Collection"
Res Arcana,"Contracts, Open Drafting, Race, Set Collection"
Cartographers,"Contracts, Open Drafting, Race, Set Collection"
Alchemists,"Contracts, Open Drafting, Race, Set Collection"
Ticket to Ride: Europe,"Contracts, Open Drafting, Race, Set Collection"
Too Many Bones: Undertow,"Contracts, Open Drafting, Race, Set Collection"
Watergate,"Contracts, Open Drafting, Race, Set Collection"
It's a Wonderful World,"Contracts, Open Drafting, Race, Set Collection"
The Isle of Cats,"Contracts, Open Drafting, Race, Set Collection"
Undaunted: Normandy,"Contracts, Open Drafting, Race, Set Collection"
Planet Unknown,"Contracts, Open Drafting, Race, Set Collection"
The Lord of the Rings: The Card Game,"Contracts, Open Drafting, Race, Set Collection"
Stone Age,"Contracts, Open Drafting, Race, Set Collection"
Dominion (Second Edition),"Contracts, Open Drafting, Race, Set Collection"
Praga Caput Regni,"Contracts, Open Drafting, Race, Set Collection"
War Chest,"Contracts, Open Drafting, Race, Set Collection"
Terraforming Mars: Ares Expedition,"Contracts, Open Drafting, Race, Set Collection"
Kemet,"Contracts, Open Drafting, Race, Set Collection"
Sherlock Holmes Consulting Detective: The Thames Murders & Other Cases,"Contracts, Open Drafting, Race, Set Collection"
Istanbul,"Contracts, Open Drafting, Race, Set Collection"
Forest Shuffle,"Contracts, Open Drafting, Race, Set Collection"
Endeavor: Age of Sail,"Contracts, Open Drafting, Race, Set Collection"
Viscounts of the West Kingdom,"Contracts, Open Drafting, Race, Set Collection"
Glen More II: Chronicles,"Contracts, Open Drafting, Race, Set Collection"
Unmatched: Cobble & Fog,"Contracts, Open Drafting, Race, Set Collection"
Marco Polo II: In the Service of the Khan,"Contracts, Open Drafting, Race, Set Collection"
Legendary Encounters: An Alien Deck Building Game,"Contracts, Open Drafting, Race, Set Collection"
Xia: Legends of a Drift System,"Contracts, Open Drafting, Race, Set Collection"
Star Wars: X-Wing Miniatures Game,"Contracts, Open Drafting, Race, Set Collection"
That's Pretty Clever!,"Contracts, Open Drafting, Race, Set Collection"
Radlands,"Contracts, Open Drafting, Race, Set Collection"
Jaipur,"Contracts, Open Drafting, Race, Set Collection"
Welcome To...,"Contracts, Open Drafting, Race, Set Collection"
Earth,"Contracts, Open Drafting, Race, Set Collection"
Star Wars: Outer Rim,"Contracts, Open Drafting, Race, Set Collection"
Welcome to the Moon,"Contracts, Open Drafting, Race, Set Collection"
Dune,"Contracts, Open Drafting, Race, Set Collection"
Great Western Trail: Argentina,"Contracts, Open Drafting, Race, Set Collection"
Chaos in the Old World,"Contracts, Open Drafting, Race, Set Collection"
This War of Mine: The Board Game,"Contracts, Open Drafting, Race, Set Collection"
War of the Ring,"Contracts, Open Drafting, Race, Set Collection"
Endeavor: Deep Sea,"Contracts, Open Drafting, Race, Set Collection"
Meadow,"Contracts, Open Drafting, Race, Set Collection"
Memoir '44,"Contracts, Open Drafting, Race, Set Collection"
The Red Cathedral,"Contracts, Open Drafting, Race, Set Collection"
7 Wonders (Second Edition),"Contracts, Open Drafting, Race, Set Collection"
Descent: Journeys in the Dark (Second Edition),"Contracts, Open Drafting, Race, Set Collection"
Sagrada,"Contracts, Open Drafting, Race, Set Collection"
Sekigahara: The Unification of Japan,"Contracts, Open Drafting, Race, Set Collection"
Modern Art,"Contracts, Open Drafting, Race, Set Collection"
Castles of Mad King Ludwig,"Contracts, Open Drafting, Race, Set Collection"
Cosmic Encounter,"Contracts, Open Drafting, Race, Set Collection"
Space Base,"Contracts, Open Drafting, Race, Set Collection"
Star Wars: The Deckbuilding Game,"Contracts, Open Drafting, Race, Set Collection"
The Resistance: Avalon,"Contracts, Open Drafting, Race, Set Collection"
Paleo,"Contracts, Open Drafting, Race, Set Collection"
Railways of the World,"Contracts, Open Drafting, Race, Set Collection"
Horrified,"Contracts, Open Drafting, Race, Set Collection"
Go,"Contracts, Open Drafting, Race, Set Collection"
A Game of Thrones: The Board Game (Second Edition),"Contracts, Open Drafting, Race, Set Collection"
Azul: Summer Pavilion,"Contracts, Open Drafting, Race, Set Collection"
Ticket to Ride: Nordic Countries,"Contracts, Open Drafting, Race, Set Collection"
John Company: Second Edition,"Contracts, Open Drafting, Race, Set Collection"
Clash of Cultures: Monumental Edition,"Contracts, Open Drafting, Race, Set Collection"
Ora et Labora,"Contracts, Open Drafting, Race, Set Collection"
Return to Dark Tower,"Contracts, Open Drafting, Race, Set Collection"
Carcassonne,"Contracts, Open Drafting, Race, Set Collection"
Captain Sonar,"Contracts, Open Drafting, Race, Set Collection"
Splendor,"Contracts, Open Drafting, Race, Set Collection"
Commands & Colors: Ancients,"Contracts, Open Drafting, Race, Set Collection"
Suburbia,"Contracts, Open Drafting, Race, Set Collection"
Village,"Contracts, Open Drafting, Race, Set Collection"
Ankh: Gods of Egypt,"Contracts, Open Drafting, Race, Set Collection"
Dead of Winter: A Crossroads Game,"Contracts, Open Drafting, Race, Set Collection"
Tichu,"Contracts, Open Drafting, Race, Set Collection"
Aeon's End: Legacy,"Contracts, Open Drafting, Race, Set Collection"
Nidavellir,"Contracts, Open Drafting, Race, Set Collection"
The Taverns of Tiefenthal,"Contracts, Open Drafting, Race, Set Collection"
Star Realms: Colony Wars,"Contracts, Open Drafting, Race, Set Collection"
Ticket to Ride,"Contracts, Open Drafting, Race, Set Collection"
Paths of Glory,"Contracts, Open Drafting, Race, Set Collection"
YINSH,"Contracts, Open Drafting, Race, Set Collection"
Coimbra,"Contracts, Open Drafting, Race, Set Collection"
Under Falling Skies,"Contracts, Open Drafting, Race, Set Collection"
KLASK,"Contracts, Open Drafting, Race, Set Collection"
My City,"Contracts, Open Drafting, Race, Set Collection"
Calico,"Contracts, Open Drafting, Race, Set Collection"
Nations,"Contracts, Open Drafting, Race, Set Collection"
Secret Hitler,"Contracts, Open Drafting, Race, Set Collection"
Near and Far,"Contracts, Open Drafting, Race, Set Collection"
Cyclades,"Contracts, Open Drafting, Race, Set Collection"
Camel Up (Second Edition),"Contracts, Open Drafting, Race, Set Collection"
Andromeda's Edge,"Contracts, Open Drafting, Race, Set Collection"
Combat Commander: Europe,"Contracts, Open Drafting, Race, Set Collection"
Dinosaur Island,"Contracts, Open Drafting, Race, Set Collection"
Fantasy Realms,"Contracts, Open Drafting, Race, Set Collection"
Codenames: Duet,"Contracts, Open Drafting, Race, Set Collection"
La Granja,"Contracts, Open Drafting, Race, Set Collection"
Century: Golem Edition,"Contracts, Open Drafting, Race, Set Collection"
Hanamikoji,"Contracts, Open Drafting, Race, Set Collection"
Legendary: A Marvel Deck Building Game,"Contracts, Open Drafting, Race, Set Collection"
Deception: Murder in Hong Kong,"Contracts, Open Drafting, Race, Set Collection"
"Unmatched: Battle of Legends, Volume One","Contracts, Open Drafting, Race, Set Collection"
Sushi Go Party!,"Contracts, Open Drafting, Race, Set Collection"
MicroMacro: Crime City,"Contracts, Open Drafting, Race, Set Collection"
Zombicide: Black Plague,"Contracts, Open Drafting, Race, Set Collection"
Samurai,"Contracts, Open Drafting, Race, Set Collection"
Isle of Skye: From Chieftain to King,"Contracts, Open Drafting, Race, Set Collection"
Flamme Rouge,"Contracts, Open Drafting, Race, Set Collection"
Western Legends,"Contracts, Open Drafting, Race, Set Collection"
Vindication,"Contracts, Open Drafting, Race, Set Collection"
Roll Player,"Contracts, Open Drafting, Race, Set Collection"
Glory to Rome,"Contracts, Open Drafting, Race, Set Collection"
The Princes of Florence,"Contracts, Open Drafting, Race, Set Collection"
Hallertau,"Contracts, Open Drafting, Race, Set Collection"
Faraway,"Contracts, Open Drafting, Race, Set Collection"
Pulsar 2849,"Contracts, Open Drafting, Race, Set Collection"
Tapestry,"Contracts, Open Drafting, Race, Set Collection"
Hero Realms,"Contracts, Open Drafting, Race, Set Collection"
Thunder Road: Vendetta,"Contracts, Open Drafting, Race, Set Collection"
Santorini,"Contracts, Open Drafting, Race, Set Collection"
Kanban: Driver's Edition,"Contracts, Open Drafting, Race, Set Collection"
So Clover!,"Contracts, Open Drafting, Race, Set Collection"
Goa: A New Expedition,"Contracts, Open Drafting, Race, Set Collection"
Anno 1800: The Board Game,"Contracts, Open Drafting, Race, Set Collection"
1830: Railways & Robber Barons,"Contracts, Open Drafting, Race, Set Collection"
Distilled,"Contracts, Open Drafting, Race, Set Collection"
Sea Salt & Paper,"Contracts, Open Drafting, Race, Set Collection"
Shogun,"Contracts, Open Drafting, Race, Set Collection"
Galaxy Trucker,"Contracts, Open Drafting, Race, Set Collection"
Kemet: Blood and Sand,"Contracts, Open Drafting, Race, Set Collection"
Monikers,"Contracts, Open Drafting, Race, Set Collection"
Bitoku,"Contracts, Open Drafting, Race, Set Collection"
Skull King,"Contracts, Open Drafting, Race, Set Collection"
Tiletum,"Contracts, Open Drafting, Race, Set Collection"
Viticulture,"Contracts, Open Drafting, Race, Set Collection"
Endless Winter: Paleoamericans,"Contracts, Open Drafting, Race, Set Collection"
Mind MGMT: The Psychic Espionage “Game.”,"Contracts, Open Drafting, Race, Set Collection"
Detective: A Modern Crime Board Game,"Contracts, Open Drafting, Race, Set Collection"
1960: The Making of the President,"Contracts, Open Drafting, Race, Set Collection"
Star Realms: Frontiers,"Contracts, Open Drafting, Race, Set Collection"
Aeon's End: The New Age,"Contracts, Open Drafting, Race, Set Collection"
Lewis & Clark: The Expedition,"Contracts, Open Drafting, Race, Set Collection"
Marvel United,"Contracts, Open Drafting, Race, Set Collection"
Bora Bora,"Contracts, Open Drafting, Race, Set Collection"
Oath,"Contracts, Open Drafting, Race, Set Collection"
Kingdomino,"Contracts, Open Drafting, Race, Set Collection"
Battle Line,"Contracts, Open Drafting, Race, Set Collection"
Foundations of Rome,"Contracts, Open Drafting, Race, Set Collection"
Chronicles of Crime,"Contracts, Open Drafting, Race, Set Collection"
Apiary,"Contracts, Open Drafting, Race, Set Collection"
Steam,"Contracts, Open Drafting, Race, Set Collection"
Cryptid,"Contracts, Open Drafting, Race, Set Collection"
Hive,"Contracts, Open Drafting, Race, Set Collection"
Turing Machine,"Contracts, Open Drafting, Race, Set Collection"
Rococo,"Contracts, Open Drafting, Race, Set Collection"
Ethnos,"Contracts, Open Drafting, Race, Set Collection"
Forgotten Waters,"Contracts, Open Drafting, Race, Set Collection"
Dice Throne: Season Two – Battle Chest,"Contracts, Open Drafting, Race, Set Collection"
T.I.M.E Stories,"Contracts, Open Drafting, Race, Set Collection"
Cthulhu Wars,"Contracts, Open Drafting, Race, Set Collection"
Love Letter,"Contracts, Open Drafting, Race, Set Collection"
Dixit: Odyssey,"Contracts, Open Drafting, Race, Set Collection"
Seasons,"Contracts, Open Drafting, Race, Set Collection"
The Witcher: Old World,"Contracts, Open Drafting, Race, Set Collection"
Imperium: Classics,"Contracts, Open Drafting, Race, Set Collection"
Telestrations,"Contracts, Open Drafting, Race, Set Collection"
Long Shot: The Dice Game,"Contracts, Open Drafting, Race, Set Collection"
Arkham Horror (Third Edition),"Contracts, Open Drafting, Race, Set Collection"
Lost Cities,"Contracts, Open Drafting, Race, Set Collection"
Onitama,"Contracts, Open Drafting, Race, Set Collection"
Arcadia Quest,"Contracts, Open Drafting, Race, Set Collection"
The Manhattan Project: Energy Empire,"Contracts, Open Drafting, Race, Set Collection"
Indonesia,"Contracts, Open Drafting, Race, Set Collection"
Dorfromantik: The Board Game,"Contracts, Open Drafting, Race, Set Collection"
Imperial,"Contracts, Open Drafting, Race, Set Collection"
Navegador,"Contracts, Open Drafting, Race, Set Collection"
For Sale,"Contracts, Open Drafting, Race, Set Collection"
Cloudspire,"Contracts, Open Drafting, Race, Set Collection"
Summoner Wars (Second Edition),"Contracts, Open Drafting, Race, Set Collection"
The Great Zimbabwe,"Contracts, Open Drafting, Race, Set Collection"
Dungeon Petz,"Contracts, Open Drafting, Race, Set Collection"
Acquire,"Contracts, Open Drafting, Race, Set Collection"
Cat in the Box: Deluxe Edition,"Contracts, Open Drafting, Race, Set Collection"
Space Alert,"Contracts, Open Drafting, Race, Set Collection"
Wayfarers of the South Tigris,"Contracts, Open Drafting, Race, Set Collection"
Love Letter,"Contracts, Open Drafting, Race, Set Collection"
The King Is Dead: Second Edition,"Contracts, Open Drafting, Race, Set Collection"
Age of Empires III: The Age of Discovery,"Contracts, Open Drafting, Race, Set Collection"
Survive: Escape from Atlantis!,"Contracts, Open Drafting, Race, Set Collection"
Power Grid Deluxe: Europe/North America,"Contracts, Open Drafting, Race, Set Collection"
The Lord of the Rings: The Card Game – Revised Core Set,"Contracts, Open Drafting, Race, Set Collection"
Tikal,"Contracts, Open Drafting, Race, Set Collection"
Imperial Settlers,"Contracts, Open Drafting, Race, Set Collection"
Bunny Kingdom,"Contracts, Open Drafting, Race, Set Collection"
Century: Spice Road,"Contracts, Open Drafting, Race, Set Collection"
Glass Road,"Contracts, Open Drafting, Race, Set Collection"
The King's Dilemma,"Contracts, Open Drafting, Race, Set Collection"
Chinatown,"Contracts, Open Drafting, Race, Set Collection"
Nemo's War (Second Edition),"Contracts, Open Drafting, Race, Set Collection"
Civolution,"Contracts, Open Drafting, Race, Set Collection"
Fury of Dracula (Third/Fourth Edition),"Contracts, Open Drafting, Race, Set Collection"
Bruges,"Contracts, Open Drafting, Race, Set Collection"
Heaven & Ale,"Contracts, Open Drafting, Race, Set Collection"
The Guild of Merchant Explorers,"Contracts, Open Drafting, Race, Set Collection"
Imperial 2030,"Contracts, Open Drafting, Race, Set Collection"
Tiny Epic Galaxies,"Contracts, Open Drafting, Race, Set Collection"
Project L,"Contracts, Open Drafting, Race, Set Collection"
Nusfjord,"Contracts, Open Drafting, Race, Set Collection"
Awkward Guests: The Walton Case,"Contracts, Open Drafting, Race, Set Collection"
Summoner Wars: Master Set,"Contracts, Open Drafting, Race, Set Collection"
Destinies,"Contracts, Open Drafting, Race, Set Collection"
Pax Renaissance: 2nd Edition,"Contracts, Open Drafting, Race, Set Collection"
Flamecraft,"Contracts, Open Drafting, Race, Set Collection"
EXIT: The Game – The Abandoned Cabin,"Contracts, Open Drafting, Race, Set Collection"
Alien Frontiers,"Contracts, Open Drafting, Race, Set Collection"
Raiders of Scythia,"Contracts, Open Drafting, Race, Set Collection"
Runewars,"Contracts, Open Drafting, Race, Set Collection"
Small World,"Contracts, Open Drafting, Race, Set Collection"
Dune: War for Arrakis,"Contracts, Open Drafting, Race, Set Collection"
Sidereal Confluence,"Contracts, Open Drafting, Race, Set Collection"
Marrakesh,"Contracts, Open Drafting, Race, Set Collection"
Innovation,"Contracts, Open Drafting, Race, Set Collection"
Marvel United: X-Men,"Contracts, Open Drafting, Race, Set Collection"
Burgle Bros.,"Contracts, Open Drafting, Race, Set Collection"
Unconscious Mind,"Contracts, Open Drafting, Race, Set Collection"
Merchants & Marauders,"Contracts, Open Drafting, Race, Set Collection"
Frostpunk: The Board Game,"Contracts, Open Drafting, Race, Set Collection"
Above and Below,"Contracts, Open Drafting, Race, Set Collection"
Neuroshima Hex,"Contracts, Open Drafting, Race, Set Collection"
The Fellowship of the Ring: Trick-Taking Game,"Contracts, Open Drafting, Race, Set Collection"
Furnace,"Contracts, Open Drafting, Race, Set Collection"
Bonfire,"Contracts, Open Drafting, Race, Set Collection"
Mindbug: First Contact,"Contracts, Open Drafting, Race, Set Collection"
Expeditions,"Contracts, Open Drafting, Race, Set Collection"
Dead of Winter: The Long Night,"Contracts, Open Drafting, Race, Set Collection"
Dead Reckoning,"Contracts, Open Drafting, Race, Set Collection"
The Vale of Eternity,"Contracts, Open Drafting, Race, Set Collection"
Bärenpark,"Contracts, Open Drafting, Race, Set Collection"
Antiquity,"Contracts, Open Drafting, Race, Set Collection"
Arboretum,"Contracts, Open Drafting, Race, Set Collection"
Mission: Red Planet (Second/Third Edition),"Contracts, Open Drafting, Race, Set Collection"
Dixit,"Contracts, Open Drafting, Race, Set Collection"
Sid Meier's Civilization: The Board Game,"Contracts, Open Drafting, Race, Set Collection"
Gizmos,"Contracts, Open Drafting, Race, Set Collection"
Letters from Whitechapel,"Contracts, Open Drafting, Race, Set Collection"
Tekhenu: Obelisk of the Sun,"Contracts, Open Drafting, Race, Set Collection"
Ginkgopolis,"Contracts, Open Drafting, Race, Set Collection"
Dungeon Lords,"Contracts, Open Drafting, Race, Set Collection"
"Air, Land, & Sea","Contracts, Open Drafting, Race, Set Collection"
Harry Potter: Hogwarts Battle,"Contracts, Open Drafting, Race, Set Collection"
Bomb Busters,"Contracts, Open Drafting, Race, Set Collection"
Unmatched: Robin Hood vs. Bigfoot,"Contracts, Open Drafting, Race, Set Collection"
Takenoko,"Contracts, Open Drafting, Race, Set Collection"
Keep the Heroes Out!,"Contracts, Open Drafting, Race, Set Collection"
BattleLore: Second Edition,"Contracts, Open Drafting, Race, Set Collection"
Maria,"Contracts, Open Drafting, Race, Set Collection"
Schotten Totten,"Contracts, Open Drafting, Race, Set Collection"
Abyss,"Contracts, Open Drafting, Race, Set Collection"
Mysterium,"Contracts, Open Drafting, Race, Set Collection"
San Juan,"Contracts, Open Drafting, Race, Set Collection"
Carpe Diem,"Contracts, Open Drafting, Race, Set Collection"
Ghost Stories,"Contracts, Open Drafting, Race, Set Collection"
The Resistance,"Contracts, Open Drafting, Race, Set Collection"
Blood Bowl: Team Manager – The Card Game,"Contracts, Open Drafting, Race, Set Collection"
Agricola: All Creatures Big and Small,"Contracts, Open Drafting, Race, Set Collection"
Smartphone Inc.,"Contracts, Open Drafting, Race, Set Collection"
Star Wars: Armada,"Contracts, Open Drafting, Race, Set Collection"
Ready Set Bet,"Contracts, Open Drafting, Race, Set Collection"
Twice as Clever!,"Contracts, Open Drafting, Race, Set Collection"
The Godfather: Corleone's Empire,"Contracts, Open Drafting, Race, Set Collection"
Lords of Hellas,"Contracts, Open Drafting, Race, Set Collection"
Castle Combo,"Contracts, Open Drafting, Race, Set Collection"
The Pillars of the Earth,"Contracts, Open Drafting, Race, Set Collection"
Notre Dame,"Contracts, Open Drafting, Race, Set Collection"
51st State: Master Set,"Contracts, Open Drafting, Race, Set Collection"
Altiplano,"Contracts, Open Drafting, Race, Set Collection"
Newton,"Contracts, Open Drafting, Race, Set Collection"
Hannibal: Rome vs. Carthage,"Contracts, Open Drafting, Race, Set Collection"
Fall of Rome,"Contracts, Open Drafting, Race, Set Collection"
Cartographers Heroes,"Contracts, Open Drafting, Race, Set Collection"
Akropolis,"Contracts, Open Drafting, Race, Set Collection"
At the Gates of Loyang,"Contracts, Open Drafting, Race, Set Collection"
Gùgōng,"Contracts, Open Drafting, Race, Set Collection"
Saint Petersburg,"Contracts, Open Drafting, Race, Set Collection"
Chess,"Contracts, Open Drafting, Race, Set Collection"
Mage Wars Arena,"Contracts, Open Drafting, Race, Set Collection"
Honey Buzz,"Contracts, Open Drafting, Race, Set Collection"
IKI,"Contracts, Open Drafting, Race, Set Collection"
Arkham Horror,"Contracts, Open Drafting, Race, Set Collection"
King of Tokyo,"Contracts, Open Drafting, Race, Set Collection"
Pan Am,"Contracts, Open Drafting, Race, Set Collection"
Skull,"Contracts, Open Drafting, Race, Set Collection"
Dice Forge,"Contracts, Open Drafting, Race, Set Collection"
Descent: Legends of the Dark,"Contracts, Open Drafting, Race, Set Collection"
Blitzkrieg!: World War Two in 20 Minutes,"Contracts, Open Drafting, Race, Set Collection"
Boonlake,"Contracts, Open Drafting, Race, Set Collection"
London (Second Edition),"Contracts, Open Drafting, Race, Set Collection"
Cubitos,"Contracts, Open Drafting, Race, Set Collection"
Legacy of Yu,"Contracts, Open Drafting, Race, Set Collection"
In the Year of the Dragon,"Contracts, Open Drafting, Race, Set Collection"
Downforce,"Contracts, Open Drafting, Race, Set Collection"
Imperial Struggle,"Contracts, Open Drafting, Race, Set Collection"
Ticket to Ride: Märklin,"Contracts, Open Drafting, Race, Set Collection"
Tiny Towns,"Contracts, Open Drafting, Race, Set Collection"
Endeavor,"Contracts, Open Drafting, Race, Set Collection"
Codenames: Pictures,"Contracts, Open Drafting, Race, Set Collection"
Imperium: Legends,"Contracts, Open Drafting, Race, Set Collection"
Let's Go! To Japan,"Contracts, Open Drafting, Race, Set Collection"
Die Macher,"Contracts, Open Drafting, Race, Set Collection"
Azul: Stained Glass of Sintra,"Contracts, Open Drafting, Race, Set Collection"
Spartacus: A Game of Blood and Treachery,"Contracts, Open Drafting, Race, Set Collection"
Unsettled,"Contracts, Open Drafting, Race, Set Collection"
Bruxelles 1893,"Contracts, Open Drafting, Race, Set Collection"
King of Tokyo: Dark Edition,"Contracts, Open Drafting, Race, Set Collection"
San Juan (Second Edition),"Contracts, Open Drafting, Race, Set Collection"
Firefly: The Game,"Contracts, Open Drafting, Race, Set Collection"
Biblios,"Contracts, Open Drafting, Race, Set Collection"
The Great Wall,"Contracts, Open Drafting, Race, Set Collection"
Civilization,"Contracts, Open Drafting, Race, Set Collection"
Evolution: Climate,"Contracts, Open Drafting, Race, Set Collection"
"Unmatched: Battle of Legends, Volume Two","Contracts, Open Drafting, Race, Set Collection"
Feed the Kraken,"Contracts, Open Drafting, Race, Set Collection"
For Northwood! A Solo Trick-Taking Game,"Contracts, Open Drafting, Race, Set Collection"
Wavelength,"Contracts, Open Drafting, Race, Set Collection"
Millennium Blades,"Contracts, Open Drafting, Race, Set Collection"
Mythic Battles: Pantheon,"Contracts, Open Drafting, Race, Set Collection"
Here I Stand,"Contracts, Open Drafting, Race, Set Collection"
Caper: Europe,"Contracts, Open Drafting, Race, Set Collection"
Santa Maria,"Contracts, Open Drafting, Race, Set Collection"
Sword & Sorcery,"Contracts, Open Drafting, Race, Set Collection"
Massive Darkness 2: Hellscape,"Contracts, Open Drafting, Race, Set Collection"
Pagan: Fate of Roanoke,"Contracts, Open Drafting, Race, Set Collection"
The Elder Scrolls: Betrayal of the Second Era,"Contracts, Open Drafting, Race, Set Collection"
Woodcraft,"Contracts, Open Drafting, Race, Set Collection"
World Wonders,"Contracts, Open Drafting, Race, Set Collection"
The LOOP,"Contracts, Open Drafting, Race, Set Collection"
Fresco,"Contracts, Open Drafting, Race, Set Collection"
Sprawlopolis,"Contracts, Open Drafting, Race, Set Collection"
Space Hulk (Third Edition),"Contracts, Open Drafting, Race, Set Collection"
Commands & Colors: Napoleonics,"Contracts, Open Drafting, Race, Set Collection"
Zombicide: 2nd Edition,"Contracts, Open Drafting, Race, Set Collection"
Flash Point: Fire Rescue,"Contracts, Open Drafting, Race, Set Collection"
Nippon,"Area Majority / Influence, Variable Phase Order"
Libertalia: Winds of Galecrest,"Area Majority / Influence, Variable Phase Order"
Bus,"Area Majority / Influence, Variable Phase Order"
Sherlock Holmes Consulting Detective: Jack the Ripper & West End Adventures,"Area Majority / Influence, Variable Phase Order"
Macao,"Area Majority / Influence, Variable Phase Order"
Kingsburg,"Area Majority / Influence, Variable Phase Order"
Clash of Cultures,"Area Majority / Influence, Variable Phase Order"
Stockpile,"Area Majority / Influence, Variable Phase Order"
PitchCar,"Area Majority / Influence, Variable Phase Order"
Black Orchestra,"Area Majority / Influence, Variable Phase Order"
Lord of the Rings: The Confrontation,"Area Majority / Influence, Variable Phase Order"
Unmatched: Little Red Riding Hood vs. Beowulf,"Area Majority / Influence, Variable Phase Order"
Kutná Hora: The City of Silver,"Area Majority / Influence, Variable Phase Order"
MicroMacro: Crime City – Full House,"Area Majority / Influence, Variable Phase Order"
Mice and Mystics,"Area Majority / Influence, Variable Phase Order"
Reign of Cthulhu,"Area Majority / Influence, Variable Phase Order"
Mandala,"Area Majority / Influence, Variable Phase Order"
Thunderstone Quest,"Area Majority / Influence, Variable Phase Order"
Trekking Through History,"Area Majority / Influence, Variable Phase Order"
Claustrophobia,"Area Majority / Influence, Variable Phase Order"
High Society,"Area Majority / Influence, Variable Phase Order"
Heroscape Master Set: Rise of the Valkyrie,"Area Majority / Influence, Variable Phase Order"
Dune,"Area Majority / Influence, Variable Phase Order"
The Manhattan Project,"Area Majority / Influence, Variable Phase Order"
Dawn of the Zeds (Third Edition),"Area Majority / Influence, Variable Phase Order"
Bohnanza,"Area Majority / Influence, Variable Phase Order"
No Thanks!,"Area Majority / Influence, Variable Phase Order"
Lancaster,"Area Majority / Influence, Variable Phase Order"
Colt Express,"Area Majority / Influence, Variable Phase Order"
Advanced Squad Leader,"Area Majority / Influence, Variable Phase Order"
Citadels,"Area Majority / Influence, Variable Phase Order"
Fantastic Factories,"Area Majority / Influence, Variable Phase Order"
Quadropolis,"Area Majority / Influence, Variable Phase Order"
Glen More,"Area Majority / Influence, Variable Phase Order"
Middara: Unintentional Malum – Act 1,"Area Majority / Influence, Variable Phase Order"
A Few Acres of Snow,"Area Majority / Influence, Variable Phase Order"
Zombie Kidz Evolution,"Area Majority / Influence, Variable Phase Order"
Fire in the Lake,"Area Majority / Influence, Variable Phase Order"
Hadara,"Area Majority / Influence, Variable Phase Order"
Pipeline,"Area Majority / Influence, Variable Phase Order"
Undaunted: North Africa,"Area Majority / Influence, Variable Phase Order"
Horizons of Spirit Island,"Area Majority / Influence, Variable Phase Order"
Unmatched Adventures: Tales to Amaze,"Area Majority / Influence, Variable Phase Order"
Black Rose Wars,"Area Majority / Influence, Variable Phase Order"
Through the Desert,"Area Majority / Influence, Variable Phase Order"
Imperial Settlers: Empires of the North,"Area Majority / Influence, Variable Phase Order"
Arydia: The Paths We Dare Tread,"Area Majority / Influence, Variable Phase Order"
Galactic Cruise,"Area Majority / Influence, Variable Phase Order"
Mystic Vale,"Area Majority / Influence, Variable Phase Order"
Point Salad,"Area Majority / Influence, Variable Phase Order"
Citadels,"Area Majority / Influence, Variable Phase Order"
Canvas,"Area Majority / Influence, Variable Phase Order"
Shadows over Camelot,"Area Majority / Influence, Variable Phase Order"
Stuffed Fables,"Area Majority / Influence, Variable Phase Order"
Friday,"Area Majority / Influence, Variable Phase Order"
Knarr,"Area Majority / Influence, Variable Phase Order"
Lords of Vegas,"Area Majority / Influence, Variable Phase Order"
Aquatica,"Area Majority / Influence, Variable Phase Order"
Potion Explosion,"Area Majority / Influence, Variable Phase Order"
Amun-Re,"Area Majority / Influence, Variable Phase Order"
Hanabi,"Area Majority / Influence, Variable Phase Order"
Trio,"Area Majority / Influence, Variable Phase Order"
EXIT: The Game – Dead Man on the Orient Express,"Area Majority / Influence, Variable Phase Order"
Junk Art,"Area Majority / Influence, Variable Phase Order"
Amerigo,"Area Majority / Influence, Variable Phase Order"
Skymines,"Area Majority / Influence, Variable Phase Order"
Daybreak,"Area Majority / Influence, Variable Phase Order"
BattleLore,"Area Majority / Influence, Variable Phase Order"
Pandemic: The Cure,"Area Majority / Influence, Variable Phase Order"
Betrayal Legacy,"Area Majority / Influence, Variable Phase Order"
Sheriff of Nottingham,"Area Majority / Influence, Variable Phase Order"
Deus,"Area Majority / Influence, Variable Phase Order"
Aeon Trespass: Odyssey,"Area Majority / Influence, Variable Phase Order"
Forbidden Desert,"Area Majority / Influence, Variable Phase Order"
Mansions of Madness,"Area Majority / Influence, Variable Phase Order"
Scholars of the South Tigris,"Area Majority / Influence, Variable Phase Order"
Next Station: London,"Area Majority / Influence, Variable Phase Order"
QE,"Area Majority / Influence, Variable Phase Order"
Descent: Journeys in the Dark,"Area Majority / Influence, Variable Phase Order"
Thurn and Taxis,"Area Majority / Influence, Variable Phase Order"
CATAN,"Area Majority / Influence, Variable Phase Order"
Oceans,"Area Majority / Influence, Variable Phase Order"
Splendor: Marvel,"Area Majority / Influence, Variable Phase Order"
Regicide,"Area Majority / Influence, Variable Phase Order"
Blood Bowl (Third Edition),"Area Majority / Influence, Variable Phase Order"
Alhambra,"Area Majority / Influence, Variable Phase Order"
Risk Legacy,"Area Majority / Influence, Variable Phase Order"
Imhotep,"Area Majority / Influence, Variable Phase Order"
Charterstone,"Area Majority / Influence, Variable Phase Order"
HITSTER,"Area Majority / Influence, Variable Phase Order"
Railroad Ink: Deep Blue Edition,"Area Majority / Influence, Variable Phase Order"
Raptor,"Area Majority / Influence, Variable Phase Order"
Port Royal,"Area Majority / Influence, Variable Phase Order"
Unfathomable,"Area Majority / Influence, Variable Phase Order"
Dinosaur Island: Rawr 'n Write,"Area Majority / Influence, Variable Phase Order"
Argent: The Consortium,"Area Majority / Influence, Variable Phase Order"
Shadows of Brimstone: City of the Ancients,"Area Majority / Influence, Variable Phase Order"
Star Wars: X-Wing (Second Edition),"Area Majority / Influence, Variable Phase Order"
Ingenious,"Area Majority / Influence, Variable Phase Order"
"Labyrinth: The War on Terror, 2001 – ?","Area Majority / Influence, Variable Phase Order"
Escape Plan,"Area Majority / Influence, Variable Phase Order"
Etherfields,"Area Majority / Influence, Variable Phase Order"
Las Vegas,"Area Majority / Influence, Variable Phase Order"
Fleet: The Dice Game,"Area Majority / Influence, Variable Phase Order"
1775: Rebellion,"Area Majority / Influence, Variable Phase Order"
Nova Luna,"Area Majority / Influence, Variable Phase Order"
Lacrimosa,"Area Majority / Influence, Variable Phase Order"
TZAAR,"Area Majority / Influence, Variable Phase Order"
Small World Underground,"Area Majority / Influence, Variable Phase Order"
Ezra and Nehemiah,"Area Majority / Influence, Variable Phase Order"
1846: The Race for the Midwest,"Area Majority / Influence, Variable Phase Order"
Blackout: Hong Kong,"Area Majority / Influence, Variable Phase Order"
Runebound (Third Edition),"Area Majority / Influence, Variable Phase Order"
Blood Bowl: Living Rulebook,"Area Majority / Influence, Variable Phase Order"
Love Letter: Premium Edition,"Area Majority / Influence, Variable Phase Order"
Freedom: The Underground Railroad,"Area Majority / Influence, Variable Phase Order"
Camel Up,"Area Majority / Influence, Variable Phase Order"
Galaxy Trucker (Second Edition),"Area Majority / Influence, Variable Phase Order"
RoboRally,"Area Majority / Influence, Variable Phase Order"
Wabash Cannonball,"Area Majority / Influence, Variable Phase Order"
Discworld: Ankh-Morpork,"Area Majority / Influence, Variable Phase Order"
Sushi Go!,"Area Majority / Influence, Variable Phase Order"
Jamaica,"Area Majority / Influence, Variable Phase Order"
The Grizzled,"Area Majority / Influence, Variable Phase Order"
Libertalia,"Area Majority / Influence, Variable Phase Order"
Valeria: Card Kingdoms,"Area Majority / Influence, Variable Phase Order"
Airlines Europe,"Area Majority / Influence, Variable Phase Order"
First Class: All Aboard the Orient Express!,"Area Majority / Influence, Variable Phase Order"
Detective: City of Angels,"Area Majority / Influence, Variable Phase Order"
Unmatched Game System,"Area Majority / Influence, Variable Phase Order"
Karuba,"Area Majority / Influence, Variable Phase Order"
Legends of Andor,"Area Majority / Influence, Variable Phase Order"
Elysium,"Area Majority / Influence, Variable Phase Order"
Last Will,"Area Majority / Influence, Variable Phase Order"
The Fox in the Forest,"Area Majority / Influence, Variable Phase Order"
Barcelona,"Area Majority / Influence, Variable Phase Order"
London,"Area Majority / Influence, Variable Phase Order"
Euphoria: Build a Better Dystopia,"Area Majority / Influence, Variable Phase Order"
Warp's Edge,"Area Majority / Influence, Variable Phase Order"
Atlantis Rising (Second Edition),"Area Majority / Influence, Variable Phase Order"
Archipelago,"Area Majority / Influence, Variable Phase Order"
One Night Ultimate Werewolf,"Area Majority / Influence, Variable Phase Order"
Vikings,"Area Majority / Influence, Variable Phase Order"
DVONN,"Area Majority / Influence, Variable Phase Order"
Sentinels of the Multiverse,"Area Majority / Influence, Variable Phase Order"
Draftosaurus,"Area Majority / Influence, Variable Phase Order"
Carcassonne: Hunters and Gatherers,"Area Majority / Influence, Variable Phase Order"
StarCraft: The Board Game,"Area Majority / Influence, Variable Phase Order"
Space Empires 4X,"Area Majority / Influence, Variable Phase Order"
In the Hall of the Mountain King,"Area Majority / Influence, Variable Phase Order"
Madeira,"Area Majority / Influence, Variable Phase Order"
Taj Mahal,"Area Majority / Influence, Variable Phase Order"
Broom Service,"Area Majority / Influence, Variable Phase Order"
Tales of the Arabian Nights,"Area Majority / Influence, Variable Phase Order"
Azul: Queen's Garden,"Area Majority / Influence, Variable Phase Order"
Unmatched: Jurassic Park – InGen vs Raptors,"Area Majority / Influence, Variable Phase Order"
Crusaders: Thy Will Be Done,"Area Majority / Influence, Variable Phase Order"
Baseball Highlights: 2045,"Area Majority / Influence, Variable Phase Order"
Nexus Ops,"Area Majority / Influence, Variable Phase Order"
Time's Up! Title Recall!,"Area Majority / Influence, Variable Phase Order"
Creature Comforts,"Area Majority / Influence, Variable Phase Order"
Take 5,"Area Majority / Influence, Variable Phase Order"
Weather Machine,"Area Majority / Influence, Variable Phase Order"
Star Trek: Ascendancy,"Area Majority / Influence, Variable Phase Order"
Queendomino,"Area Majority / Influence, Variable Phase Order"
Bullet♥︎,"Area Majority / Influence, Variable Phase Order"
Pathfinder Adventure Card Game: Rise of the Runelords – Base Set,"Area Majority / Influence, Variable Phase Order"
Project: ELITE,"Area Majority / Influence, Variable Phase Order"
Dice Throne: Season One,"Area Majority / Influence, Variable Phase Order"
Colosseum,"Area Majority / Influence, Variable Phase Order"
Pax Porfiriana,"Area Majority / Influence, Variable Phase Order"
My Father's Work,"Area Majority / Influence, Variable Phase Order"
Pirates of Maracaibo,"Area Majority / Influence, Variable Phase Order"
War of the Ring: The Card Game,"Area Majority / Influence, Variable Phase Order"
Vinhos,"Area Majority / Influence, Variable Phase Order"
Triumph & Tragedy: European Balance of Power 1936-1945,"Area Majority / Influence, Variable Phase Order"
Tobago,"Area Majority / Influence, Variable Phase Order"
Egizia,"Area Majority / Influence, Variable Phase Order"
Unlock!: Heroic Adventures,"Area Majority / Influence, Variable Phase Order"
Roads & Boats,"Area Majority / Influence, Variable Phase Order"
AquaSphere,"Area Majority / Influence, Variable Phase Order"
Coup,"Area Majority / Influence, Variable Phase Order"
Wondrous Creatures,"Area Majority / Influence, Variable Phase Order"
The Gang,"Area Majority / Influence, Variable Phase Order"
HeroQuest,"Area Majority / Influence, Variable Phase Order"
Shards of Infinity,"Area Majority / Influence, Variable Phase Order"
Cooper Island,"Area Majority / Influence, Variable Phase Order"
Medici,"Area Majority / Influence, Variable Phase Order"
Life of the Amazonia,"Area Majority / Influence, Variable Phase Order"
Cuba Libre,"Area Majority / Influence, Variable Phase Order"
Paperback,"Area Majority / Influence, Variable Phase Order"
The Colonists,"Area Majority / Influence, Variable Phase Order"
Coloretto,"Area Majority / Influence, Variable Phase Order"
BattleCON: Devastation of Indines,"Area Majority / Influence, Variable Phase Order"
Silver & Gold,"Area Majority / Influence, Variable Phase Order"
Fromage,"Area Majority / Influence, Variable Phase Order"
Three Sisters,"Area Majority / Influence, Variable Phase Order"
Struggle of Empires,"Area Majority / Influence, Variable Phase Order"
First Rat,"Area Majority / Influence, Variable Phase Order"
Automobile,"Area Majority / Influence, Variable Phase Order"
Mille Fiori,"Area Majority / Influence, Variable Phase Order"
Star Wars: Unlimited,"Area Majority / Influence, Variable Phase Order"
Whitehall Mystery,"Area Majority / Influence, Variable Phase Order"
High Frontier 4 All,"Area Majority / Influence, Variable Phase Order"
Francis Drake,"Area Majority / Influence, Variable Phase Order"
Beer & Bread,"Area Majority / Influence, Variable Phase Order"
Zombicide: Green Horde,"Area Majority / Influence, Variable Phase Order"
Thebes,"Area Majority / Influence, Variable Phase Order"
Mosaic: A Story of Civilization,"Area Majority / Influence, Variable Phase Order"
Golem,"Area Majority / Influence, Variable Phase Order"
Carson City,"Area Majority / Influence, Variable Phase Order"
Zombicide,"Area Majority / Influence, Variable Phase Order"
A Game of Thrones,"Area Majority / Influence, Variable Phase Order"
Yellow & Yangtze,"Area Majority / Influence, Variable Phase Order"
The Battle of Five Armies,"Area Majority / Influence, Variable Phase Order"
Brian Boru: High King of Ireland,"Area Majority / Influence, Variable Phase Order"
Evolution,"Area Majority / Influence, Variable Phase Order"
Gears of War: The Board Game,"Area Majority / Influence, Variable Phase Order"
Telestrations: 12 Player Party Pack,"Area Majority / Influence, Variable Phase Order"
A Fake Artist Goes to New York,"Area Majority / Influence, Variable Phase Order"
Conan,"Area Majority / Influence, Variable Phase Order"
Star Wars: The Clone Wars,"Area Majority / Influence, Variable Phase Order"
Formula D,"Area Majority / Influence, Variable Phase Order"
Betrayal at House on the Hill,"Area Majority / Influence, Variable Phase Order"
The Downfall of Pompeii,"Area Majority / Influence, Variable Phase Order"
Hammer of the Scots,"Area Majority / Influence, Variable Phase Order"
Quantum,"Area Majority / Influence, Variable Phase Order"
Living Forest,"Area Majority / Influence, Variable Phase Order"
Between Two Castles of Mad King Ludwig,"Area Majority / Influence, Variable Phase Order"
A Game of Thrones: The Card Game (Second Edition),"Area Majority / Influence, Variable Phase Order"
Dominant Species: Marine,"Area Majority / Influence, Variable Phase Order"
Cribbage,"Area Majority / Influence, Variable Phase Order"
Time's Up!,"Area Majority / Influence, Variable Phase Order"
Disney Villainous: Wicked to the Core,"Area Majority / Influence, Variable Phase Order"
Star Wars: Destiny,"Area Majority / Influence, Variable Phase Order"
Kingdom Builder,"Area Majority / Influence, Variable Phase Order"
Taluva,"Area Majority / Influence, Variable Phase Order"
Mare Nostrum: Empires,"Area Majority / Influence, Variable Phase Order"
Federation,"Area Majority / Influence, Variable Phase Order"
Cacao,"Area Majority / Influence, Variable Phase Order"
Verdant,"Area Majority / Influence, Variable Phase Order"
Merv: The Heart of the Silk Road,"Area Majority / Influence, Variable Phase Order"
Bloodborne: The Board Game,"Area Majority / Influence, Variable Phase Order"
Magic Maze,"Area Majority / Influence, Variable Phase Order"
Photosynthesis,"Area Majority / Influence, Variable Phase Order"
Blood Bowl (2016 Edition),"Area Majority / Influence, Variable Phase Order"
Elder Sign,"Area Majority / Influence, Variable Phase Order"
Lord of the Rings: The Confrontation,"Area Majority / Influence, Variable Phase Order"
Civilization: A New Dawn,"Area Majority / Influence, Variable Phase Order"
Shikoku 1889,"Area Majority / Influence, Variable Phase Order"
La Granja: Deluxe Master Set,"Area Majority / Influence, Variable Phase Order"
Chronicles of Crime: 1400,"Area Majority / Influence, Variable Phase Order"
The Adventures of Robin Hood,"Area Majority / Influence, Variable Phase Order"
Trails of Tucana,"Area Majority / Influence, Variable Phase Order"
The 7th Citadel,"Area Majority / Influence, Variable Phase Order"
Twilight Inscription,"Area Majority / Influence, Variable Phase Order"
Mr. Jack,"Area Majority / Influence, Variable Phase Order"
Can't Stop,"Area Majority / Influence, Variable Phase Order"
Railroad Ink Challenge: Lush Green Edition,"Area Majority / Influence, Variable Phase Order"
Fort,"Area Majority / Influence, Variable Phase Order"
Feudum,"Area Majority / Influence, Variable Phase Order"
Trains,"Area Majority / Influence, Variable Phase Order"
Azul: Master Chocolatier,"Area Majority / Influence, Variable Phase Order"
One Night Ultimate Werewolf: Daybreak,"Area Majority / Influence, Variable Phase Order"
Sub Terra,"Area Majority / Influence, Variable Phase Order"
Churchill,"Area Majority / Influence, Variable Phase Order"
The Republic of Rome,"Area Majority / Influence, Variable Phase Order"
Top Ten,"Area Majority / Influence, Variable Phase Order"
Babylonia,"Area Majority / Influence, Variable Phase Order"
Pax Renaissance,"Area Majority / Influence, Variable Phase Order"
Disney Villainous: Evil Comes Prepared,"Area Majority / Influence, Variable Phase Order"
Unlock!: Timeless Adventures,"Area Majority / Influence, Variable Phase Order"
Ascension: Deckbuilding Game,"Area Majority / Influence, Variable Phase Order"
Snowdonia,"Area Majority / Influence, Variable Phase Order"
The Magnificent,"Area Majority / Influence, Variable Phase Order"
The Oracle of Delphi,"Area Majority / Influence, Variable Phase Order"
Ticket to Ride: Rails & Sails,"Area Majority / Influence, Variable Phase Order"
Undaunted: Stalingrad,"Area Majority / Influence, Variable Phase Order"
Torres,"Area Majority / Influence, Variable Phase Order"
Escape: The Curse of the Temple,"Area Majority / Influence, Variable Phase Order"
Shakespeare,"Area Majority / Influence, Variable Phase Order"
7 Wonders: Architects,"Area Majority / Influence, Variable Phase Order"
Summoner Wars,"Area Majority / Influence, Variable Phase Order"
Whistle Mountain,"Area Majority / Influence, Variable Phase Order"
AuZtralia,"Area Majority / Influence, Variable Phase Order"
Mexica,"Area Majority / Influence, Variable Phase Order"
The Bloody Inn,"Area Majority / Influence, Variable Phase Order"
Star Wars: X-Wing Miniatures Game – The Force Awakens Core Set,"Area Majority / Influence, Variable Phase Order"
Treasure Island,"Area Majority / Influence, Variable Phase Order"
Belfort,"Area Majority / Influence, Variable Phase Order"
Cuba,"Area Majority / Influence, Variable Phase Order"
D-Day at Omaha Beach,"Area Majority / Influence, Variable Phase Order"
The Estates,"Area Majority / Influence, Variable Phase Order"
Wandering Towers,"Area Majority / Influence, Variable Phase Order"
Tokaido,"Area Majority / Influence, Variable Phase Order"
Oh My Goods!,"Area Majority / Influence, Variable Phase Order"
KeyForge: Call of the Archons,"Area Majority / Influence, Variable Phase Order"
Ashes Reborn: Rise of the Phoenixborn,"Area Majority / Influence, Variable Phase Order"
Caesar!: Seize Rome in 20 Minutes!,"Area Majority / Influence, Variable Phase Order"
Moonrakers,"Area Majority / Influence, Variable Phase Order"
Inventions: Evolution of Ideas,"Area Majority / Influence, Variable Phase Order"
Yamataï,"Area Majority / Influence, Variable Phase Order"
The Shipwreck Arcana,"Area Majority / Influence, Variable Phase Order"
Space Hulk: Death Angel – The Card Game,"Area Majority / Influence, Variable Phase Order"
Love Letter: Batman,"Area Majority / Influence, Variable Phase Order"
Onirim (Second Edition),"Area Majority / Influence, Variable Phase Order"
Carcassonne: The Castle,"Area Majority / Influence, Variable Phase Order"
Maquis,"Area Majority / Influence, Variable Phase Order"
Luna,"Area Majority / Influence, Variable Phase Order"
Century: A New World,"Area Majority / Influence, Variable Phase Order"
Tiny Epic Dungeons,"Area Majority / Influence, Variable Phase Order"
Myrmes,"Area Majority / Influence, Variable Phase Order"
EXIT: The Game – The Pharaoh's Tomb,"Area Majority / Influence, Variable Phase Order"
Tash-Kalar: Arena of Legends,"Area Majority / Influence, Variable Phase Order"
Flip 7,"Area Majority / Influence, Variable Phase Order"
Finspan,"Area Majority / Influence, Variable Phase Order"
Witchstone,"Area Majority / Influence, Variable Phase Order"
Wits & Wagers,"Area Majority / Influence, Variable Phase Order"
Dixit: Journey,"Area Majority / Influence, Variable Phase Order"
Arkwright,"Area Majority / Influence, Variable Phase Order"
Trismegistus: The Ultimate Formula,"Area Majority / Influence, Variable Phase Order"
Menara,"Area Majority / Influence, Variable Phase Order"
Crystal Palace,"Area Majority / Influence, Variable Phase Order"
Wir sind das Volk!,"Area Majority / Influence, Variable Phase Order"
City of the Big Shoulders,"Area Majority / Influence, Variable Phase Order"
Diplomacy,"Area Majority / Influence, Variable Phase Order"
Messina 1347,"Area Majority / Influence, Variable Phase Order"
BANG! The Dice Game,"Area Majority / Influence, Variable Phase Order"
Smash Up: Awesome Level 9000,"Area Majority / Influence, Variable Phase Order"
Dragon Castle,"Area Majority / Influence, Variable Phase Order"
Fury of Dracula (Second Edition),"Area Majority / Influence, Variable Phase Order"
Roll Player Adventures,"Area Majority / Influence, Variable Phase Order"
Detective Club,"Area Majority / Influence, Variable Phase Order"
Empire of the Sun: The Pacific War 1941-1945,"Area Majority / Influence, Variable Phase Order"
Coal Baron,"Area Majority / Influence, Variable Phase Order"
Zoo Vadis,"Area Majority / Influence, Variable Phase Order"
Steampunk Rally,"Area Majority / Influence, Variable Phase Order"
Shadows of Brimstone: Swamps of Death,"Area Majority / Influence, Variable Phase Order"
Prêt-à-Porter,"Area Majority / Influence, Variable Phase Order"
Defenders of the Realm,"Area Majority / Influence, Variable Phase Order"
Stationfall,"Area Majority / Influence, Variable Phase Order"
K2,"Area Majority / Influence, Variable Phase Order"
Perudo,"Area Majority / Influence, Variable Phase Order"
Century: Eastern Wonders,"Area Majority / Influence, Variable Phase Order"
Between Two Cities,"Area Majority / Influence, Variable Phase Order"
Khôra: Rise of an Empire,"Area Majority / Influence, Variable Phase Order"
Dogs of War,"Area Majority / Influence, Variable Phase Order"
Leaving Earth,"Area Majority / Influence, Variable Phase Order"
The Networks,"Area Majority / Influence, Variable Phase Order"
Skyrise,"Area Majority / Influence, Variable Phase Order"
Wizard,"Area Majority / Influence, Variable Phase Order"
My Little Scythe,"Area Majority / Influence, Variable Phase Order"
New Frontiers,"Area Majority / Influence, Variable Phase Order"
Specter Ops,"Area Majority / Influence, Variable Phase Order"
Villagers,"Area Majority / Influence, Variable Phase Order"
Earth Reborn,"Area Majority / Influence, Variable Phase Order"
Warhammer Quest: The Adventure Card Game,"Area Majority / Influence, Variable Phase Order"
ZhanGuo,"Area Majority / Influence, Variable Phase Order"
Reef,"Area Majority / Influence, Variable Phase Order"
Blokus,"Area Majority / Influence, Variable Phase Order"
Rhino Hero: Super Battle,"Area Majority / Influence, Variable Phase Order"
Vegas Showdown,"Area Majority / Influence, Variable Phase Order"
Smart10,"Area Majority / Influence, Variable Phase Order"
Finca,"Area Majority / Influence, Variable Phase Order"
Rebirth,"Area Majority / Influence, Variable Phase Order"
Paris: La Cité de la Lumière,"Area Majority / Influence, Variable Phase Order"
Blue Moon City,"Area Majority / Influence, Variable Phase Order"
Earthborne Rangers,"Area Majority / Influence, Variable Phase Order"
CO₂: Second Chance,"Area Majority / Influence, Variable Phase Order"
Clever Cubed,"Area Majority / Influence, Variable Phase Order"
Diamant,"Area Majority / Influence, Variable Phase Order"
Circadians: First Light,"Area Majority / Influence, Variable Phase Order"
Yspahan,"Area Majority / Influence, Variable Phase Order"
Advanced Squad Leader: Starter Kit #1,"Area Majority / Influence, Variable Phase Order"
New York Zoo,"Area Majority / Influence, Variable Phase Order"
Deep Sea Adventure,"Area Majority / Influence, Variable Phase Order"
Blue Lagoon,"Area Majority / Influence, Variable Phase Order"
Eminent Domain,"Area Majority / Influence, Variable Phase Order"
Ricochet Robots,"Area Majority / Influence, Variable Phase Order"
Thunderstone Advance: Towers of Ruin,"Area Majority / Influence, Variable Phase Order"
Middle-Earth Quest,"Area Majority / Influence, Variable Phase Order"
Startups,"Area Majority / Influence, Variable Phase Order"
Disney Villainous: The Worst Takes it All,"Area Majority / Influence, Variable Phase Order"
The Pursuit of Happiness,"Area Majority / Influence, Variable Phase Order"
Tumblin' Dice,"Area Majority / Influence, Variable Phase Order"
Wallenstein,"Area Majority / Influence, Variable Phase Order"
Disney Villainous: Perfectly Wretched,"Area Majority / Influence, Variable Phase Order"
A War of Whispers,"Area Majority / Influence, Variable Phase Order"
Warhammer: Invasion,"Area Majority / Influence, Variable Phase Order"
878 Vikings: Invasions of England,"Area Majority / Influence, Variable Phase Order"
Kanagawa,"Area Majority / Influence, Variable Phase Order"
